question,answer
What are the top universities for engineering in Germany?,"Some of the top engineering universities in Germany are Technical University of Munich, University of Stuttgart, and RWTH Aachen University."
How do I apply to universities in Germany?,"To apply to universities in Germany, you typically need to fill out an application through UniAssist or directly through the university's portal, depending on the university. You will need a recognized bachelor's degree and proof of your qualifications."
What is the minimum GPA required to study in Germany?,"The minimum GPA required varies by university and program. Generally, a GPA of 2.5 or above on the German grading scale is acceptable for most programs, though some highly competitive programs may require a higher GPA."
Do I need to know German to study in Germany?,"While many universities offer programs in English, especially at the master's level, learning German is helpful for daily life and may be required for certain courses or internships."
Can international students work while studying in Germany?,"Yes, international students are allowed to work in Germany for up to 120 full days or 240 half days per year. However, work should not interfere with your studies."
How much does it cost to study in Germany?,"Public universities in Germany charge low or no tuition fees for international students, although there may be administrative fees of around €250–€350 per semester. Living costs vary depending on the city but generally range from €700–€1,000 per month."
Are there scholarships available for international students in Germany?,"Yes, there are numerous scholarships available for international students in Germany, including those from the DAAD (German Academic Exchange Service) and other organizations."
Which cities in Germany are best for studying?,"Some of the best cities for studying in Germany include Munich, Berlin, Heidelberg, and Stuttgart. These cities offer a high quality of life, a vibrant student community, and excellent universities."
Do universities in Germany offer student housing?,"Many universities in Germany offer student housing, but availability can be limited. It is recommended to apply early or consider alternative options such as private student dormitories or shared apartments."
How do I get a student visa for Germany?,"To get a student visa for Germany, you need proof of acceptance into a German university, financial means to support yourself, and health insurance. You can apply for the visa at your nearest German embassy or consulate."
